ID,Name,Age,Salary,Job Title
a9f1c37a-78ad-45c7-9ccf-a05825224110,Madhav,27,107246,Software Engineer
e127401f-8e19-42fb-9253-8a34c94701d7,Jhanvi,47,60561,Accountant
e07db0a6-e0c9-423b-be21-6589fd234f2a,Mihir,55,140162,Sales Executive
737fca30-3f16-49ed-b26a-02dd295cfc46,Jatin,51,20615,Data Analyst
47be60ec-60fe-41c0-af15-84b2836d85b6,Madhu,30,75155,Business Analyst
2447c27e-8155-4262-9ffe-92f31f02ef00,Archana,39,122983,Product Manager
50059517-d176-4ba8-9926-c21794ccc98b,Aradhya,54,75270,Software Engineer
e04c9114-85ce-4e83-99b1-818ba9746191,Jagdish,23,147444,Graphic Designer
5e02faf2-a6d4-4e7a-9285-cc8eae8e9815,Avikar,51,29954,Marketing Manager
f93f11ef-5791-4952-8edd-2a77a2037934,Mihir,25,148377,Accountant